{"cameraMode":{"drawMode":0,"name":"Shaded","section":"Shading Mode"},"sceneLighting":true,"audioPlay":false,"sceneViewState":{"showFog":true,"showMaterialUpdate":true,"showSkybox":true,"showFlares":true,"showImageEffects":true,"showParticleSystems":true},"in2DMode":false,"pivot":{"x":-5.468950271606445,"y":2.003721237182617,"z":0.5302342176437378},"rotation":{"x":-0.12723109126091004,"y":-0.8383877277374268,"z":0.2215198427438736,"w":-0.4815879464149475},"size":4.1534743309021,"orthographic":false}