{"cameraMode":{"drawMode":0,"name":"Shaded","section":"Shading Mode"},"sceneLighting":true,"audioPlay":false,"sceneViewState":{"showFog":true,"showMaterialUpdate":true,"showSkybox":true,"showFlares":true,"showImageEffects":true,"showParticleSystems":true},"in2DMode":false,"pivot":{"x":-11.345815658569336,"y":-59.53643035888672,"z":188.39515686035157},"rotation":{"x":0.16746675968170167,"y":-0.027809420600533487,"z":0.004693115130066872,"w":0.9855496287345886},"size":198.44857788085938,"orthographic":false}