{"cameraMode":{"drawMode":0,"name":"Shaded","section":"Shading Mode"},"sceneLighting":true,"audioPlay":false,"sceneViewState":{"showFog":true,"showMaterialUpdate":true,"showSkybox":true,"showFlares":true,"showImageEffects":true,"showParticleSystems":true},"in2DMode":false,"pivot":{"x":-2.4944143295288088,"y":2.5965795516967775,"z":-4.197951793670654},"rotation":{"x":0.47374722361564639,"y":0.029323436319828035,"z":-0.015777528285980226,"w":0.8800884485244751},"size":9.587319374084473,"orthographic":false}