{"cameraMode":{"drawMode":0,"name":"Shaded","section":"Shading Mode"},"sceneLighting":false,"audioPlay":false,"sceneViewState":{"showFog":true,"showMaterialUpdate":true,"showSkybox":false,"showFlares":true,"showImageEffects":true,"showParticleSystems":true},"in2DMode":false,"pivot":{"x":-6.150000095367432,"y":1.5399999618530274,"z":0.0},"rotation":{"x":0.47374722361564639,"y":0.029323436319828035,"z":-0.015777528285980226,"w":0.8800884485244751},"size":3.693199872970581,"orthographic":false}