{"cameraMode":{"drawMode":0,"name":"Shaded","section":"Shading Mode"},"sceneLighting":true,"audioPlay":false,"sceneViewState":{"showFog":true,"showMaterialUpdate":false,"showSkybox":false,"showFlares":true,"showImageEffects":true,"showParticleSystems":true},"in2DMode":false,"pivot":{"x":17.907562255859376,"y":-41.599822998046878,"z":-13.574764251708985},"rotation":{"x":0.032236747443675998,"y":0.9665389657020569,"z":-0.20298083126544953,"w":0.15350252389907838},"size":55.72141647338867,"orthographic":false}