{"cameraMode":{"drawMode":0,"name":"Shaded","section":"Shading Mode"},"sceneLighting":false,"audioPlay":false,"sceneViewState":{"showFog":true,"showMaterialUpdate":false,"showSkybox":false,"showFlares":true,"showImageEffects":true,"showParticleSystems":true},"in2DMode":false,"pivot":{"x":0.08901593089103699,"y":1.0263991355895997,"z":0.31258320808410647},"rotation":{"x":0.05030243098735809,"y":0.05572276562452316,"z":-0.0027494386304169895,"w":0.9972147345542908},"size":42.019168853759769,"orthographic":false}