{"cameraMode":{"drawMode":0,"name":"Shaded","section":"Shading Mode"},"sceneLighting":true,"audioPlay":false,"sceneViewState":{"showFog":true,"showMaterialUpdate":false,"showSkybox":false,"showFlares":true,"showImageEffects":true,"showParticleSystems":true},"in2DMode":false,"pivot":{"x":31.588483810424806,"y":-12.525016784667969,"z":-29.07001495361328},"rotation":{"x":-0.18510028719902039,"y":-0.7469795942306519,"z":0.23223920166492463,"w":-0.5949772000312805},"size":76.11714935302735,"orthographic":false}