{"cameraMode":{"drawMode":0,"name":"Shaded","section":"Shading Mode"},"sceneLighting":false,"audioPlay":false,"sceneViewState":{"showFog":true,"showMaterialUpdate":false,"showSkybox":false,"showFlares":true,"showImageEffects":true,"showParticleSystems":true},"in2DMode":false,"pivot":{"x":0.48081183433532717,"y":0.07399937510490418,"z":0.012782666832208634},"rotation":{"x":0.09734755754470825,"y":0.6925485730171204,"z":-0.09508451074361801,"w":0.7084567546844482},"size":1.0112433433532715,"orthographic":false}