{"cameraMode":{"drawMode":0,"name":"Shaded","section":"Shading Mode"},"sceneLighting":false,"audioPlay":false,"sceneViewState":{"showFog":true,"showMaterialUpdate":false,"showSkybox":false,"showFlares":true,"showImageEffects":true,"showParticleSystems":true},"in2DMode":false,"pivot":{"x":1.371999979019165,"y":-0.002102937549352646,"z":-0.006353411823511124},"rotation":{"x":-0.010105251334607602,"y":0.9882660508155823,"z":-0.13810445368289948,"w":-0.06647596508264542},"size":0.5303946733474731,"orthographic":false}