{"cameraMode":{"drawMode":0,"name":"Shaded","section":"Shading Mode"},"sceneLighting":false,"audioPlay":false,"sceneViewState":{"showFog":true,"showMaterialUpdate":false,"showSkybox":false,"showFlares":true,"showImageEffects":true,"showParticleSystems":true},"in2DMode":false,"pivot":{"x":0.09247516095638275,"y":-0.037497758865356448,"z":0.8313461542129517},"rotation":{"x":0.10179511457681656,"y":0.023856651037931443,"z":-0.0024335330817848446,"w":0.9945257902145386},"size":1.5614948272705079,"orthographic":false}