{"cameraMode":{"drawMode":0,"name":"Shaded","section":"Shading Mode"},"sceneLighting":false,"audioPlay":false,"sceneViewState":{"showFog":true,"showMaterialUpdate":false,"showSkybox":false,"showFlares":true,"showImageEffects":true,"showParticleSystems":true},"in2DMode":false,"pivot":{"x":0.22162207961082459,"y":-0.017756491899490358,"z":0.1776399463415146},"rotation":{"x":0.2521195113658905,"y":0.39708179235458376,"z":-0.11435646563768387,"w":0.8750563263893127},"size":0.5893208384513855,"orthographic":false}