{"cameraMode":{"drawMode":0,"name":"Shaded","section":"Shading Mode"},"sceneLighting":false,"audioPlay":false,"sceneViewState":{"showFog":true,"showMaterialUpdate":false,"showSkybox":false,"showFlares":true,"showImageEffects":true,"showParticleSystems":true},"in2DMode":false,"pivot":{"x":1.0308295488357545,"y":1.962965488433838,"z":11.210003852844239},"rotation":{"x":-0.060482464730739596,"y":0.0523812361061573,"z":0.0031712548807263376,"w":0.9968037605285645},"size":11.958736419677735,"orthographic":false}