{"cameraMode":{"drawMode":0,"name":"Shaded","section":"Shading Mode"},"sceneLighting":false,"audioPlay":false,"sceneViewState":{"showFog":true,"showMaterialUpdate":false,"showSkybox":false,"showFlares":true,"showImageEffects":true,"showParticleSystems":true},"in2DMode":false,"pivot":{"x":-11.135899543762207,"y":1.0640904903411866,"z":2.5702059268951418},"rotation":{"x":-0.013442002236843109,"y":-0.6177636384963989,"z":-0.010571754537522793,"w":0.7861959934234619},"size":13.138895988464356,"orthographic":false}