{"cameraMode":{"drawMode":0,"name":"Shaded","section":"Shading Mode"},"sceneLighting":true,"audioPlay":false,"sceneViewState":{"showFog":false,"showMaterialUpdate":false,"showSkybox":false,"showFlares":false,"showImageEffects":false,"showParticleSystems":false},"in2DMode":false,"pivot":{"x":17.536117553710939,"y":-26.472917556762697,"z":-43.21149444580078},"rotation":{"x":-0.09593577682971955,"y":-0.8957680463790894,"z":0.23579777777194978,"w":-0.3644309341907501},"size":101.22325897216797,"orthographic":false}