{"cameraMode":{"drawMode":0,"name":"Shaded","section":"Shading Mode"},"sceneLighting":true,"audioPlay":false,"sceneViewState":{"showFog":true,"showMaterialUpdate":false,"showSkybox":false,"showFlares":true,"showImageEffects":true,"showParticleSystems":true},"in2DMode":false,"pivot":{"x":689.1083374023438,"y":130.64060974121095,"z":1502.896484375},"rotation":{"x":0.0503765270113945,"y":0.0014984096633270383,"z":-0.00007618368545081466,"w":0.9987308382987976},"size":2453.91748046875,"orthographic":false}