{"cameraMode":{"drawMode":0,"name":"Shaded","section":"Shading Mode"},"sceneLighting":false,"audioPlay":false,"sceneViewState":{"showFog":true,"showMaterialUpdate":false,"showSkybox":false,"showFlares":true,"showImageEffects":true,"showParticleSystems":true},"in2DMode":false,"pivot":{"x":-0.6883434653282166,"y":-0.9580038785934448,"z":1.077143907546997},"rotation":{"x":-0.3643951416015625,"y":0.2007225602865219,"z":-0.08085405081510544,"w":-0.9057972431182861},"size":2.6241209506988527,"orthographic":false}