{"cameraMode":{"drawMode":0,"name":"Shaded","section":"Shading Mode"},"sceneLighting":false,"audioPlay":false,"sceneViewState":{"showFog":true,"showMaterialUpdate":false,"showSkybox":false,"showFlares":true,"showImageEffects":true,"showParticleSystems":true},"in2DMode":false,"pivot":{"x":-0.9712958335876465,"y":-1.1241735219955445,"z":3.1219727993011476},"rotation":{"x":-0.1793094128370285,"y":0.15344955027103425,"z":-0.02756655216217041,"w":-0.9715021252632141},"size":4.247886657714844,"orthographic":false}