{"cameraMode":{"drawMode":0,"name":"Shaded","section":"Shading Mode"},"sceneLighting":false,"audioPlay":false,"sceneViewState":{"showFog":true,"showMaterialUpdate":false,"showSkybox":false,"showFlares":true,"showImageEffects":true,"showParticleSystems":true},"in2DMode":false,"pivot":{"x":-0.053898490965366366,"y":0.008365094661712647,"z":0.7699024677276611},"rotation":{"x":0.1152021735906601,"y":-0.026833578944206239,"z":0.0031214067712426187,"w":0.9929841160774231},"size":1.2614948749542237,"orthographic":false}