{"cameraMode":{"drawMode":0,"name":"Shaded","section":"Shading Mode"},"sceneLighting":false,"audioPlay":false,"sceneViewState":{"showFog":true,"showMaterialUpdate":false,"showSkybox":false,"showFlares":true,"showImageEffects":true,"showParticleSystems":true},"in2DMode":false,"pivot":{"x":0.042627811431884769,"y":-0.02758181095123291,"z":5.131349563598633},"rotation":{"x":0.3150043785572052,"y":0.6319782733917236,"z":-0.3134786784648895,"w":0.6349433660507202},"size":6.848161697387695,"orthographic":false}