{"cameraMode":{"drawMode":0,"name":"Shaded","section":"Shading Mode"},"sceneLighting":true,"audioPlay":false,"sceneViewState":{"showFog":true,"showMaterialUpdate":false,"showSkybox":false,"showFlares":true,"showImageEffects":true,"showParticleSystems":true},"in2DMode":false,"pivot":{"x":4.113578796386719,"y":-28.508460998535158,"z":-58.62360763549805},"rotation":{"x":0.011241246946156025,"y":-0.9610015749931336,"z":0.27374309301376345,"w":0.039495378732681277},"size":116.32381439208985,"orthographic":false}