{"cameraMode":{"drawMode":0,"name":"Shaded","section":"Shading Mode"},"sceneLighting":false,"audioPlay":false,"sceneViewState":{"showFog":true,"showMaterialUpdate":false,"showSkybox":false,"showFlares":true,"showImageEffects":true,"showParticleSystems":true},"in2DMode":false,"pivot":{"x":0.06339845061302185,"y":-0.1360875368118286,"z":-0.27235034108161929},"rotation":{"x":0.0652608647942543,"y":0.9311807751655579,"z":-0.29263338446617129,"w":0.2074899524450302},"size":0.9143974184989929,"orthographic":false}