{"cameraMode":{"drawMode":0,"name":"Shaded","section":"Shading Mode"},"sceneLighting":true,"audioPlay":false,"sceneViewState":{"showFog":true,"showMaterialUpdate":false,"showSkybox":false,"showFlares":true,"showImageEffects":true,"showParticleSystems":true},"in2DMode":false,"pivot":{"x":1.8558318614959717,"y":0.5407097339630127,"z":-4.699767112731934},"rotation":{"x":-0.1023486778140068,"y":-0.8759041428565979,"z":0.21294580399990083,"w":-0.42086151242256167},"size":6.4382853507995609,"orthographic":false}