{"cameraMode":{"drawMode":0,"name":"Shaded","section":"Shading Mode"},"sceneLighting":true,"audioPlay":false,"sceneViewState":{"showFog":true,"showMaterialUpdate":false,"showSkybox":false,"showFlares":true,"showImageEffects":true,"showParticleSystems":true},"in2DMode":false,"pivot":{"x":4.376485824584961,"y":-16.69116973876953,"z":-25.539148330688478},"rotation":{"x":0.15920647978782655,"y":0.8106957674026489,"z":-0.25743091106414797,"w":0.5012011528015137},"size":44.61210632324219,"orthographic":false}