{"cameraMode":{"drawMode":0,"name":"Shaded","section":"Shading Mode"},"sceneLighting":false,"audioPlay":false,"sceneViewState":{"showFog":true,"showMaterialUpdate":false,"showSkybox":false,"showFlares":true,"showImageEffects":true,"showParticleSystems":true},"in2DMode":false,"pivot":{"x":0.08936150372028351,"y":-0.12422241270542145,"z":-0.26931607723236086},"rotation":{"x":0.0652608647942543,"y":0.9311807751655579,"z":-0.29263338446617129,"w":0.2074899524450302},"size":0.614397406578064,"orthographic":false}