{"cameraMode":{"drawMode":0,"name":"Shaded","section":"Shading Mode"},"sceneLighting":false,"audioPlay":false,"sceneViewState":{"showFog":true,"showMaterialUpdate":false,"showSkybox":false,"showFlares":true,"showImageEffects":true,"showParticleSystems":true},"in2DMode":false,"pivot":{"x":0.9411880373954773,"y":-1.0579636096954346,"z":2.2180440425872804},"rotation":{"x":0.20425637066364289,"y":0.19555579125881196,"z":-0.04166996479034424,"w":0.9582986235618591},"size":2.976083755493164,"orthographic":false}