{"cameraMode":{"drawMode":0,"name":"Shaded","section":"Shading Mode"},"sceneLighting":true,"audioPlay":false,"sceneViewState":{"showFog":true,"showMaterialUpdate":false,"showSkybox":false,"showFlares":true,"showImageEffects":true,"showParticleSystems":true},"in2DMode":false,"pivot":{"x":2.814303159713745,"y":0.011843502521514893,"z":-9.834867477416993},"rotation":{"x":0.01906268671154976,"y":-0.9765936136245728,"z":0.19075481593608857,"w":0.09760373830795288},"size":2.1758792400360109,"orthographic":false}