{"cameraMode":{"drawMode":0,"name":"Shaded","section":"Shading Mode"},"sceneLighting":false,"audioPlay":false,"sceneViewState":{"showFog":true,"showMaterialUpdate":false,"showSkybox":false,"showFlares":true,"showImageEffects":true,"showParticleSystems":true},"in2DMode":false,"pivot":{"x":-22.31325340270996,"y":7.854420185089111,"z":40.130210876464847},"rotation":{"x":-0.07166361808776856,"y":-0.2512602210044861,"z":-0.018600495532155038,"w":0.9651225209236145},"size":47.693504333496097,"orthographic":false}