{"cameraMode":{"drawMode":0,"name":"Shaded","section":"Shading Mode"},"sceneLighting":false,"audioPlay":false,"sceneViewState":{"showFog":true,"showMaterialUpdate":false,"showSkybox":false,"showFlares":true,"showImageEffects":true,"showParticleSystems":true},"in2DMode":false,"pivot":{"x":-0.03195919096469879,"y":0.8404049277305603,"z":0.3141578435897827},"rotation":{"x":0.05030243098735809,"y":0.05572276562452316,"z":-0.0027494386304169895,"w":0.9972147345542908},"size":1.6366698741912842,"orthographic":false}