{"cameraMode":{"drawMode":0,"name":"Shaded","section":"Shading Mode"},"sceneLighting":true,"audioPlay":false,"sceneViewState":{"showFog":true,"showMaterialUpdate":false,"showSkybox":false,"showFlares":true,"showImageEffects":true,"showParticleSystems":true},"in2DMode":false,"pivot":{"x":19.780000686645509,"y":-17.953006744384767,"z":-69.2199935913086},"rotation":{"x":0.2196723222732544,"y":-0.4075741767883301,"z":0.10171119123697281,"w":0.8805233240127564},"size":3.330427646636963,"orthographic":false}