{"cameraMode":{"drawMode":0,"name":"Shaded","section":"Shading Mode"},"sceneLighting":true,"audioPlay":false,"sceneViewState":{"showFog":true,"showMaterialUpdate":false,"showSkybox":false,"showFlares":true,"showImageEffects":true,"showParticleSystems":true},"in2DMode":false,"pivot":{"x":59.32884216308594,"y":-40.58953857421875,"z":-121.56985473632813},"rotation":{"x":0.03794485330581665,"y":0.9595102667808533,"z":-0.15829046070575715,"w":0.22992317378520966},"size":78.1362533569336,"orthographic":false}