{"cameraMode":{"drawMode":0,"name":"Shaded","section":"Shading Mode"},"sceneLighting":false,"audioPlay":false,"sceneViewState":{"showFog":true,"showMaterialUpdate":false,"showSkybox":false,"showFlares":true,"showImageEffects":true,"showParticleSystems":true},"in2DMode":false,"pivot":{"x":0.3609512448310852,"y":-0.2030543088912964,"z":1.6843985319137574},"rotation":{"x":0.07451675832271576,"y":0.10480966418981552,"z":-0.007867634296417237,"w":0.9916781187057495},"size":2.3760836124420168,"orthographic":false}