{"cameraMode":{"drawMode":0,"name":"Shaded","section":"Shading Mode"},"sceneLighting":false,"audioPlay":false,"sceneViewState":{"showFog":true,"showMaterialUpdate":false,"showSkybox":false,"showFlares":true,"showImageEffects":true,"showParticleSystems":true},"in2DMode":false,"pivot":{"x":-0.007786005735397339,"y":0.023155955597758294,"z":-0.02539999783039093},"rotation":{"x":0.32302042841911318,"y":0.20775803923606873,"z":-0.07286424934864044,"w":0.9204487800598145},"size":0.2238903045654297,"orthographic":false}