{"cameraMode":{"drawMode":0,"name":"Shaded","section":"Shading Mode"},"sceneLighting":true,"audioPlay":false,"sceneViewState":{"showFog":true,"showMaterialUpdate":false,"showSkybox":false,"showFlares":true,"showImageEffects":true,"showParticleSystems":true},"in2DMode":false,"pivot":{"x":673.8804321289063,"y":259.4498291015625,"z":-270.03887939453127},"rotation":{"x":0.0004421041230671108,"y":0.9957268834114075,"z":-0.09226565062999726,"w":0.004775384906679392},"size":1198.364990234375,"orthographic":false}